Timeout,bugswarm-sandbox/bugs/raphw/byte-buddy/146257714/pre_bug/byte-buddy-dep/src/main/java/net/bytebuddy/agent/builder/AgentBuilder.java,bugswarm-sandbox/bugs/raphw/byte-buddy/146257714/bug/byte-buddy-dep/src/main/java/net/bytebuddy/agent/builder/AgentBuilder.java
bugswarm-sandbox/bugs/raphw/byte-buddy/146257714/pre_bug/byte-buddy-dep/src/main/java/net/bytebuddy/dynamic/loading/ClassLoadingStrategy.java;bugswarm-sandbox/bugs/raphw/byte-buddy/146257714/bug/byte-buddy-dep/src/main/java/net/bytebuddy/dynamic/loading/ClassLoadingStrategy.java;net.bytebuddy.dynamic.loading$ClassLoadingStrategy;net.bytebuddy.dynamic.loading$ClassLoadingStrategy;79;[UpdateOperation, UpdateOperation, UpdateOperation, UpdateOperation, UpdateOperation, UpdateOperation, UpdateOperation, UpdateOperation, UpdateOperation, UpdateOperation, UpdateOperation, UpdateOperation, UpdateOperation, UpdateOperation, UpdateOperation, UpdateOperation, UpdateOperation, UpdateOperation, UpdateOperation, UpdateOperation, UpdateOperation, DeleteOperation, DeleteOperation, DeleteOperation, DeleteOperation, DeleteOperation, DeleteOperation, DeleteOperation, DeleteOperation, DeleteOperation, DeleteOperation, DeleteOperation, DeleteOperation, DeleteOperation, DeleteOperation, DeleteOperation, DeleteOperation, DeleteOperation, DeleteOperation, DeleteOperation, DeleteOperation, DeleteOperation, DeleteOperation, DeleteOperation, DeleteOperation, DeleteOperation, DeleteOperation, DeleteOperation, DeleteOperation, MoveOperation, MoveOperation, MoveOperation, MoveOperation, MoveOperation, MoveOperation, MoveOperation, MoveOperation, MoveOperation, MoveOperation, MoveOperation, MoveOperation, MoveOperation, MoveOperation, MoveOperation, MoveOperation, MoveOperation, MoveOperation, MoveOperation, MoveOperation, MoveOperation, MoveOperation, MoveOperation, MoveOperation, MoveOperation, MoveOperation, MoveOperation, MoveOperation, MoveOperation, MoveOperation];"[ArgNrC(from=new net.bytebuddy.dynamic.loading.ClassLoadingStrategy.Default.InjectionDispatcher(protectionDomain, accessControlContext, packageDefinitionStrategy, forbidExisting),to=new net.bytebuddy.dynamic.loading.ClassLoadingStrategy.Default.InjectionDispatcher(protectionDomain, packageDefinitionStrategy, forbidExisting)), ArgNrC(from=new net.bytebuddy.dynamic.loading.ClassLoadingStrategy.Default.InjectionDispatcher(protectionDomain, accessControlContext, packageDefinitionStrategy, forbidExisting),to=new net.bytebuddy.dynamic.loading.ClassLoadingStrategy.Default.InjectionDispatcher(protectionDomain, packageDefinitionStrategy, forbidExisting)), ArgNrC(from=new net.bytebuddy.dynamic.loading.ClassLoadingStrategy.Default.InjectionDispatcher(protectionDomain, accessControlContext, packageDefinitionStrategy, false),to=new net.bytebuddy.dynamic.loading.ClassLoadingStrategy.Default.InjectionDispatcher(protectionDomain, packageDefinitionStrategy, false)), ArgNrC(from=new net.bytebuddy.dynamic.loading.ClassLoadingStrategy.Default.WrappingDispatcher(protectionDomain, accessControlContext, packageDefinitionStrategy, persistenceHandler, childFirst, forbidExisting),to=new net.bytebuddy.dynamic.loading.ClassLoadingStrategy.Default.WrappingDispatcher(protectionDomain, packageDefinitionStrategy, persistenceHandler, childFirst, forbidExisting)), ArgNrC(from=new net.bytebuddy.dynamic.loading.ClassLoadingStrategy.Default.WrappingDispatcher(protectionDomain, accessControlContext, packageDefinitionStrategy, persistenceHandler, childFirst, forbidExisting),to=new net.bytebuddy.dynamic.loading.ClassLoadingStrategy.Default.WrappingDispatcher(protectionDomain, packageDefinitionStrategy, persistenceHandler, childFirst, forbidExisting)), ArgNrC(from=new net.bytebuddy.dynamic.loading.ClassLoadingStrategy.Default.InjectionDispatcher(protectionDomain, accessControlContext, packageDefinitionStrategy, false),to=new net.bytebuddy.dynamic.loading.ClassLoadingStrategy.Default.InjectionDispatcher(protectionDomain, packageDefinitionStrategy, false)), CR_outside_criteria(from=(((((""ClassLoadingStrategy.ForBootstrapInjection{"" + ""instrumentation="") + instrumentation) + "", folder="") + folder) + "", accessControlContext=""),to=((((""ClassLoadingStrategy.ForBootstrapInjection{"" + ""instrumentation="") + instrumentation) + "", folder="") + folder) + '}'), CR_outside_criteria(from=(((((((""ClassLoadingStrategy.Default.InjectionDispatcher{"" + ""protectionDomain="") + protectionDomain) + "", accessControlContext="") + accessControlContext) + "", packageDefinitionStrategy="") + packageDefinitionStrategy) + "", forbidExisting=""),to=((((((""ClassLoadingStrategy.Default.InjectionDispatcher{"" + ""protectionDomain="") + protectionDomain) + "", packageDefinitionStrategy="") + packageDefinitionStrategy) + "", forbidExisting="") + forbidExisting) + '}'), CR_outside_criteria(from=(((((((((((""ClassLoadingStrategy.Default.WrappingDispatcher{"" + ""packageDefinitionStrategy="") + packageDefinitionStrategy) + "", protectionDomain="") + protectionDomain) + "", accessControlContext="") + accessControlContext) + "", childFirst="") + childFirst) + "", persistenceHandler="") + persistenceHandler) + "", forbidExisting=""),to=((((((((((""ClassLoadingStrategy.Default.WrappingDispatcher{"" + ""packageDefinitionStrategy="") + packageDefinitionStrategy) + "", protectionDomain="") + protectionDomain) + "", childFirst="") + childFirst) + "", persistenceHandler="") + persistenceHandler) + "", forbidExisting="") + forbidExisting) + '}'), VVR(from=packageDefinitionStrategy,to=forbidExisting), VVR(from=accessControlContext,to=packageDefinitionStrategy), VVR(from=that.accessControlContext,to=that.packageDefinitionStrategy), VVR(from=persistenceHandler,to=forbidExisting), CR_outside_criteria(from=(((((""ClassLoadingStrategy.Default.InjectionDispatcher{"" + ""protectionDomain="") + protectionDomain) + "", accessControlContext="") + accessControlContext) + "", packageDefinitionStrategy=""),to=(((((""ClassLoadingStrategy.Default.InjectionDispatcher{"" + ""protectionDomain="") + protectionDomain) + "", packageDefinitionStrategy="") + packageDefinitionStrategy) + "", forbidExisting="")), CR_outside_criteria(from=(((((((((""ClassLoadingStrategy.Default.WrappingDispatcher{"" + ""packageDefinitionStrategy="") + packageDefinitionStrategy) + "", protectionDomain="") + protectionDomain) + "", accessControlContext="") + accessControlContext) + "", childFirst="") + childFirst) + "", persistenceHandler=""),to=(((((((((""ClassLoadingStrategy.Default.WrappingDispatcher{"" + ""packageDefinitionStrategy="") + packageDefinitionStrategy) + "", protectionDomain="") + protectionDomain) + "", childFirst="") + childFirst) + "", persistenceHandler="") + persistenceHandler) + "", forbidExisting="")), VVR(from=accessControlContext,to=packageDefinitionStrategy), VVR(from=childFirst,to=persistenceHandler), CR_outside_criteria(from=(((""ClassLoadingStrategy.Default.InjectionDispatcher{"" + ""protectionDomain="") + protectionDomain) + "", accessControlContext=""),to=(((""ClassLoadingStrategy.Default.InjectionDispatcher{"" + ""protectionDomain="") + protectionDomain) + "", packageDefinitionStrategy="")), CR_outside_criteria(from=(((((((""ClassLoadingStrategy.Default.WrappingDispatcher{"" + ""packageDefinitionStrategy="") + packageDefinitionStrategy) + "", protectionDomain="") + protectionDomain) + "", accessControlContext="") + accessControlContext) + "", childFirst=""),to=(((((((""ClassLoadingStrategy.Default.WrappingDispatcher{"" + ""packageDefinitionStrategy="") + packageDefinitionStrategy) + "", protectionDomain="") + protectionDomain) + "", childFirst="") + childFirst) + "", persistenceHandler="")), VVR(from=accessControlContext,to=childFirst), CR_outside_criteria(from=(((((""ClassLoadingStrategy.Default.WrappingDispatcher{"" + ""packageDefinitionStrategy="") + packageDefinitionStrategy) + "", protectionDomain="") + protectionDomain) + "", accessControlContext=""),to=(((((""ClassLoadingStrategy.Default.WrappingDispatcher{"" + ""packageDefinitionStrategy="") + packageDefinitionStrategy) + "", protectionDomain="") + protectionDomain) + "", childFirst="")), NVMD(deleted call to=getContext()), ArgNrC(from=this(net.bytebuddy.dynamic.loading.ClassLoadingStrategy.Default.DEFAULT_PROTECTION_DOMAIN, java.security.AccessController.getContext(), PackageDefinitionStrategy.NoOp.INSTANCE, net.bytebuddy.dynamic.loading.ClassLoadingStrategy.Default.DEFAULT_FORBID_EXISTING),to=this(net.bytebuddy.dynamic.loading.ClassLoadingStrategy.Default.DEFAULT_PROTECTION_DOMAIN, PackageDefinitionStrategy.NoOp.INSTANCE, net.bytebuddy.dynamic.loading.ClassLoadingStrategy.Default.DEFAULT_FORBID_EXISTING)), SD(deleted=this.accessControlContext = accessControlContext), NVMD(deleted call to=equals(java.lang.Object)), SD(deleted=result = (31 * result) + accessControlContext.hashCode()), NVMD(deleted call to=getContext()), ArgNrC(from=this(net.bytebuddy.dynamic.loading.ClassLoadingStrategy.Default.DEFAULT_PROTECTION_DOMAIN, java.security.AccessController.getContext(), PackageDefinitionStrategy.Trivial.INSTANCE, persistenceHandler, childFirst, net.bytebuddy.dynamic.loading.ClassLoadingStrategy.Default.DEFAULT_FORBID_EXISTING),to=this(net.bytebuddy.dynamic.loading.ClassLoadingStrategy.Default.DEFAULT_PROTECTION_DOMAIN, PackageDefinitionStrategy.Trivial.INSTANCE, persistenceHandler, childFirst, net.bytebuddy.dynamic.loading.ClassLoadingStrategy.Default.DEFAULT_FORBID_EXISTING)), SD(deleted=this.accessControlContext = accessControlContext), ArgNrC(from=net.bytebuddy.dynamic.loading.ByteArrayClassLoader.load(classLoader, types, protectionDomain, accessControlContext, persistenceHandler, packageDefinitionStrategy, childFirst, forbidExisting),to=net.bytebuddy.dynamic.loading.ByteArrayClassLoader.load(classLoader, types, protectionDomain, persistenceHandler, packageDefinitionStrategy, childFirst, forbidExisting)), SD(deleted=result = (31 * result) + accessControlContext.hashCode()), SD(deleted=this.accessControlContext = accessControlContext), COD(from=(folder.equals(that.folder) && instrumentation.equals(that.instrumentation)) && accessControlContext.equals(that.accessControlContext),to=(folder.equals(that.folder) && instrumentation.equals(that.instrumentation))), SD(deleted=result = (31 * result) + accessControlContext.hashCode())]";[ArgumentNumberChange, ArgumentNumberChange, ArgumentNumberChange, ArgumentNumberChange, ArgumentNumberChange, ArgumentNumberChange, ConstantReplacement, ConstantReplacement, ConstantReplacement, VarToVarReplacement, VarToVarReplacement, VarToVarReplacement, VarToVarReplacement, ConstantReplacement, ConstantReplacement, VarToVarReplacement, VarToVarReplacement, ConstantReplacement, ConstantReplacement, VarToVarReplacement, ConstantReplacement, NonVoidMethodDeletion, ArgumentNumberChange, StatementDeletion, NonVoidMethodDeletion, StatementDeletion, NonVoidMethodDeletion, ArgumentNumberChange, StatementDeletion, ArgumentNumberChange, StatementDeletion, StatementDeletion, ConditionalOperatorDeletion, StatementDeletion];[208-208, 213-213, 223-223, 356-356, 361-361, 371-371, 515-515, 252-252, 406-406, 251-251, 383-383, 383-383, 405-405, 251-251, 405-405, 250-250, 404-404, 250-250, 404-404, 403-403, 403-403, 177-177, 177-177, 193-193, 232-232, 241-241, 311-311, 311-311, 335-335, 347-347, 390-390, 481-481, 497-499, 506-506];[24-129, 24-129, 24-120, 24-160, 24-160, 24-120, 21-45, 25-43, 25-43, 58-82, 28-47, 56-80, 51-68, 25-54, 25-47, 53-72, 43-52, 25-49, 25-39, 53-72, 25-49, 49-77, 49-77, 17-65, 28-81, 17-71, 25-53, 25-53, 17-65, 25-44, 17-71, 13-61, 20-77, 13-67];[193-193, 198-198, 203-203, 323-323, 328-328, 333-333, 457-457, 230-230, 366-366, 229-229, 345-345, 345-345, 365-365, 229-229, 365-365, 228-228, 364-364, 228-228, 364-364, 363-363, 363-363, 165-165, 165-165, 175-181, 211-212, 217-222, 282-286, 282-286, 298-308, 312-318, 349-356, 423-426, 441-442, 446-450];[24-107, 24-107, 24-98, 24-138, 24-138, 24-98, 21-23, 25-27, 25-27, 47-60, 28-52, 61-90, 47-60, 25-43, 25-43, 58-82, 51-68, 25-54, 25-47, 43-52, 25-39, 17-114, 17-114, 13-21, 24-64, 13-24, 17-49, 17-49, 13-21, 24-39, 13-24, 9-16, 13-68, 9-20]
bugswarm-sandbox/bugs/raphw/byte-buddy/146257714/pre_bug/byte-buddy-dep/src/main/java/net/bytebuddy/dynamic/loading/ByteArrayClassLoader.java;bugswarm-sandbox/bugs/raphw/byte-buddy/146257714/bug/byte-buddy-dep/src/main/java/net/bytebuddy/dynamic/loading/ByteArrayClassLoader.java;net.bytebuddy.dynamic.loading$ByteArrayClassLoader;net.bytebuddy.dynamic.loading$ByteArrayClassLoader;140;[UpdateOperation, UpdateOperation, UpdateOperation, UpdateOperation, UpdateOperation, UpdateOperation, UpdateOperation, UpdateOperation, UpdateOperation, UpdateOperation, UpdateOperation, UpdateOperation, UpdateOperation, UpdateOperation, UpdateOperation, UpdateOperation, UpdateOperation, UpdateOperation, UpdateOperation, UpdateOperation, UpdateOperation, UpdateOperation, UpdateOperation, UpdateOperation, UpdateOperation, UpdateOperation, UpdateOperation, UpdateOperation, UpdateOperation, UpdateOperation, UpdateOperation, UpdateOperation, UpdateOperation, UpdateOperation, UpdateOperation, UpdateOperation, UpdateOperation, UpdateOperation, UpdateOperation, UpdateOperation, UpdateOperation, UpdateOperation, UpdateOperation, UpdateOperation, UpdateOperation, UpdateOperation, UpdateOperation, UpdateOperation, UpdateOperation, UpdateOperation, UpdateOperation, DeleteOperation, DeleteOperation, DeleteOperation, DeleteOperation, DeleteOperation, DeleteOperation, DeleteOperation, DeleteOperation, DeleteOperation, DeleteOperation, DeleteOperation, DeleteOperation, DeleteOperation, DeleteOperation, DeleteOperation, DeleteOperation, DeleteOperation, DeleteOperation, DeleteOperation, DeleteOperation, DeleteOperation, DeleteOperation, DeleteOperation, DeleteOperation, DeleteOperation, DeleteOperation, DeleteOperation, DeleteOperation, DeleteOperation, DeleteOperation, DeleteOperation, DeleteOperation, DeleteOperation, DeleteOperation, DeleteOperation, DeleteOperation, DeleteOperation, DeleteOperation, DeleteOperation, InsertOperation, InsertOperation, InsertOperation, InsertOperation, InsertOperation, InsertOperation, InsertOperation, InsertOperation, InsertOperation, InsertOperation, InsertOperation, InsertOperation, InsertOperation, InsertOperation, InsertOperation, InsertOperation, InsertOperation, InsertOperation, InsertOperation, InsertOperation, MoveOperation, MoveOperation, MoveOperation, MoveOperation, MoveOperation, MoveOperation, MoveOperation, MoveOperation, MoveOperation, MoveOperation, MoveOperation, MoveOperation, MoveOperation, MoveOperation, MoveOperation, MoveOperation, MoveOperation, MoveOperation, MoveOperation, MoveOperation, MoveOperation, MoveOperation, MoveOperation, MoveOperation, MoveOperation, MoveOperation, MoveOperation, MoveOperation, MoveOperation, MoveOperation];"[ArgTypeC(from=java.lang.ClassLoader parent,to=java.lang.String name), ArgTypeC(from=java.security.ProtectionDomain protectionDomain,to=byte[] binaryRepresentation), VVR(from=parent,to=name), VVR(from=protectionDomain,to=binaryRepresentation), VVR(from=((net.bytebuddy.dynamic.loading.ByteArrayClassLoader.ClassLoaderCreationAction) (other)),to=((net.bytebuddy.dynamic.loading.ByteArrayClassLoader.ClassDefinitionAction) (object))), VVR(from=other,to=object), VVR(from=parent,to=name), VVR(from=other,to=object), VVR(from=protectionDomain,to=binaryRepresentation), VVR(from=that.protectionDomain,to=that.binaryRepresentation), VVR(from=protectionDomain,to=binaryRepresentation), CR_outside_criteria(from=(((((((((((((""ByteArrayClassLoader.ClassLoaderCreationAction{"" + ""parent="") + parent) + "", typeDefinitions="") + typeDefinitions) + "", protectionDomain="") + protectionDomain) + "", accessControlContext="") + accessControlContext) + "", persistenceHandler="") + persistenceHandler) + "", packageDefinitionStrategy="") + packageDefinitionStrategy) + "", childFirst=""),to=((((((((""ByteArrayClassLoader.ClassDefinitionAction{"" + ""outer="") + this) + "", name='"") + name) + '\'') + "", binaryRepresentation=<"") + binaryRepresentation.length) + "" bytes>"")), VVR(from=other,to=object), VVR(from=parent,to=name), VVR(from=that.parent,to=that.name), CR_outside_criteria(from=(((((((((""ByteArrayClassLoader.ChildFirst{"" + ""typeDefinitions="") + typeDefinitions) + "", protectionDomain="") + protectionDomain) + "", accessControlContext="") + accessControlContext) + "", persistenceHandler="") + persistenceHandler) + "", packageDefinitionStrategy=""),to=(((((((((""ByteArrayClassLoader.ChildFirst{"" + ""typeDefinitions="") + typeDefinitions) + "", protectionDomain="") + protectionDomain) + "", persistenceHandler="") + persistenceHandler) + "", packageDefinitionStrategy="") + packageDefinitionStrategy) + "", accessControlContext="")), CR_outside_criteria(from=(((((((((((""ByteArrayClassLoader.ClassLoaderCreationAction{"" + ""parent="") + parent) + "", typeDefinitions="") + typeDefinitions) + "", protectionDomain="") + protectionDomain) + "", accessControlContext="") + accessControlContext) + "", persistenceHandler="") + persistenceHandler) + "", packageDefinitionStrategy=""),to=((((((""ByteArrayClassLoader.ClassDefinitionAction{"" + ""outer="") + this) + "", name='"") + name) + '\'') + "", binaryRepresentation=<"")), CR_outside_criteria(from=(((((""ByteArrayClassLoader.ClassLoaderCreationAction{"" + ""parent="") + parent) + "", typeDefinitions="") + typeDefinitions) + "", protectionDomain=""),to=(((((""ByteArrayClassLoader.ClassDefinitionAction{"" + ""outer="") + this) + "", name='"") + name) + '\'')), CR_outside_criteria(from=(((((((""ByteArrayClassLoader.ChildFirst{"" + ""typeDefinitions="") + typeDefinitions) + "", protectionDomain="") + protectionDomain) + "", accessControlContext="") + accessControlContext) + "", persistenceHandler=""),to=(((((((""ByteArrayClassLoader.ChildFirst{"" + ""typeDefinitions="") + typeDefinitions) + "", protectionDomain="") + protectionDomain) + "", persistenceHandler="") + persistenceHandler) + "", packageDefinitionStrategy="")), VVR(from=typeDefinitions,to=name), CR_outside_criteria(from=(((""ByteArrayClassLoader.ClassLoaderCreationAction{"" + ""parent="") + parent) + "", typeDefinitions=""),to=(((""ByteArrayClassLoader.ClassDefinitionAction{"" + ""outer="") + this) + "", name='"")), CR_outside_criteria(from=(((((""ByteArrayClassLoader.ChildFirst{"" + ""typeDefinitions="") + typeDefinitions) + "", protectionDomain="") + protectionDomain) + "", accessControlContext=""),to=(((((""ByteArrayClassLoader.ChildFirst{"" + ""typeDefinitions="") + typeDefinitions) + "", protectionDomain="") + protectionDomain) + "", persistenceHandler="")), CR_outside_criteria(from=(""ByteArrayClassLoader.ClassLoaderCreationAction{"" + ""parent=""),to=(""ByteArrayClassLoader.ClassDefinitionAction{"" + ""outer="")), CR_outside_criteria(from=(""ByteArrayClassLoader.ClassLoaderCreationAction{"" + ""parent=""),to=(""ByteArrayClassLoader.ClassDefinitionAction{"" + ""outer="")), NVMD(deleted call to=doPrivileged(java.security.PrivilegedAction,java.security.AccessControlContext)), ArgNrC(from=net.bytebuddy.dynamic.loading.ByteArrayClassLoader.of(classLoader, types, protectionDomain, accessControlContext, persistenceHandler, packageDefinitionStrategy, childFirst),to=net.bytebuddy.dynamic.loading.ByteArrayClassLoader.of(classLoader, types, protectionDomain, persistenceHandler, packageDefinitionStrategy, childFirst)), SMD(deleted=protected static class ClassLoaderCreationAction implements java.security.PrivilegedAction<java.lang.ClassLoader> {
    private final java.lang.ClassLoader parent;

    private final java.util.Map<java.lang.String, byte[]> typeDefinitions;

    private final java.security.ProtectionDomain protectionDomain;

    private final java.security.AccessControlContext accessControlContext;

    private final net.bytebuddy.dynamic.loading.ByteArrayClassLoader.PersistenceHandler persistenceHandler;

    private final net.bytebuddy.dynamic.loading.PackageDefinitionStrategy packageDefinitionStrategy;

    private final boolean childFirst;

    protected ClassLoaderCreationAction(java.lang.ClassLoader parent, java.util.Map<java.lang.String, byte[]> typeDefinitions, java.security.ProtectionDomain protectionDomain, java.security.AccessControlContext accessControlContext, net.bytebuddy.dynamic.loading.ByteArrayClassLoader.PersistenceHandler persistenceHandler, net.bytebuddy.dynamic.loading.PackageDefinitionStrategy packageDefinitionStrategy, boolean childFirst) {
        this.parent = parent;
        this.typeDefinitions = typeDefinitions;
        this.protectionDomain = protectionDomain;
        this.accessControlContext = accessControlContext;
        this.persistenceHandler = persistenceHandler;
        this.packageDefinitionStrategy = packageDefinitionStrategy;
        this.childFirst = childFirst;
    }

    @java.lang.Override
    public java.lang.ClassLoader run() {
        return childFirst ? new net.bytebuddy.dynamic.loading.ByteArrayClassLoader.ChildFirst(parent, typeDefinitions, protectionDomain, accessControlContext, persistenceHandler, packageDefinitionStrategy) : new net.bytebuddy.dynamic.loading.ByteArrayClassLoader(parent, typeDefinitions, protectionDomain, accessControlContext, persistenceHandler, packageDefinitionStrategy);
    }

    @java.lang.Override
    public boolean equals(java.lang.Object other) {
        if (this == other) {
            return true;
        }
        if ((other == null) || (getClass() != other.getClass())) {
            return false;
        }
        net.bytebuddy.dynamic.loading.ByteArrayClassLoader.ClassLoaderCreationAction that = ((net.bytebuddy.dynamic.loading.ByteArrayClassLoader.ClassLoaderCreationAction) (other));
        return ((((((childFirst == that.childFirst) && parent.equals(that.parent)) && typeDefinitions.equals(that.typeDefinitions)) && (!(protectionDomain != null ? !protectionDomain.equals(that.protectionDomain) : that.protectionDomain != null))) && accessControlContext.equals(that.accessControlContext)) && (persistenceHandler == that.persistenceHandler)) && packageDefinitionStrategy.equals(that.packageDefinitionStrategy);
    }

    @java.lang.Override
    public int hashCode() {
        int result = parent.hashCode();
        result = (31 * result) + typeDefinitions.hashCode();
        result = (31 * result) + (protectionDomain != null ? protectionDomain.hashCode() : 0);
        result = (31 * result) + accessControlContext.hashCode();
        result = (31 * result) + persistenceHandler.hashCode();
        result = (31 * result) + packageDefinitionStrategy.hashCode();
        result = (31 * result) + (childFirst ? 1 : 0);
        return result;
    }

    @java.lang.Override
    public java.lang.String toString() {
        return ((((((((((((((""ByteArrayClassLoader.ClassLoaderCreationAction{"" + ""parent="") + parent) + "", typeDefinitions="") + typeDefinitions) + "", protectionDomain="") + protectionDomain) + "", accessControlContext="") + accessControlContext) + "", persistenceHandler="") + persistenceHandler) + "", packageDefinitionStrategy="") + packageDefinitionStrategy) + "", childFirst="") + childFirst) + '}';
    }
}), SD(deleted=this.typeDefinitions = typeDefinitions), SD(deleted=this.accessControlContext = accessControlContext), SD(deleted=this.persistenceHandler = persistenceHandler), SD(deleted=this.packageDefinitionStrategy = packageDefinitionStrategy), SD(deleted=this.childFirst = childFirst), VVR(from=name.lastIndexOf('.'),to=name.lastIndexOf('.')), VVR(from=name.substring(0, packageIndex),to=name.substring(0, packageIndex)), VVR(from=packageDefinitionStrategy.define(this, packageName, name),to=packageDefinitionStrategy.define(this, packageName, name)), VVR(from=defineClass(name, javaType, net.bytebuddy.dynamic.loading.ByteArrayClassLoader.FROM_BEGINNING, javaType.length, protectionDomain),to=defineClass(name, binaryRepresentation, net.bytebuddy.dynamic.loading.ByteArrayClassLoader.FROM_BEGINNING, binaryRepresentation.length, protectionDomain)), VVR(from=defineClass(name, javaType, net.bytebuddy.dynamic.loading.ByteArrayClassLoader.FROM_BEGINNING, javaType.length, protectionDomain),to=defineClass(name, binaryRepresentation, net.bytebuddy.dynamic.loading.ByteArrayClassLoader.FROM_BEGINNING, binaryRepresentation.length, protectionDomain)), VVR(from=defineClass(name, javaType, net.bytebuddy.dynamic.loading.ByteArrayClassLoader.FROM_BEGINNING, javaType.length, protectionDomain),to=defineClass(name, binaryRepresentation, net.bytebuddy.dynamic.loading.ByteArrayClassLoader.FROM_BEGINNING, binaryRepresentation.length, protectionDomain)), VVR(from=defineClass(name, javaType, net.bytebuddy.dynamic.loading.ByteArrayClassLoader.FROM_BEGINNING, javaType.length, protectionDomain),to=defineClass(name, binaryRepresentation, net.bytebuddy.dynamic.loading.ByteArrayClassLoader.FROM_BEGINNING, binaryRepresentation.length, protectionDomain)), VVR(from=javaType.length,to=binaryRepresentation.length), VVR(from=typeDefinitions.equals(that.typeDefinitions),to=this.equals(that.getOuter())), VVR(from=typeDefinitions.equals(that.typeDefinitions),to=this.equals(that.getOuter())), VVR(from=typeDefinitions.hashCode(),to=this.hashCode()), SD(deleted=result = (31 * result) + accessControlContext.hashCode()), SD(deleted=result = (31 * result) + persistenceHandler.hashCode()), SD(deleted=result = (31 * result) + packageDefinitionStrategy.hashCode()), SD(deleted=result = (31 * result) + (childFirst ? 1 : 0)), VVR(from=((""ByteArrayClassLoader.ClassLoaderCreationAction{"" + ""parent="") + parent),to=((""ByteArrayClassLoader.ClassDefinitionAction{"" + ""outer="") + this)), VVR(from=((((((((((((""ByteArrayClassLoader.ClassLoaderCreationAction{"" + ""parent="") + parent) + "", typeDefinitions="") + typeDefinitions) + "", protectionDomain="") + protectionDomain) + "", accessControlContext="") + accessControlContext) + "", persistenceHandler="") + persistenceHandler) + "", packageDefinitionStrategy="") + packageDefinitionStrategy),to=(((((((""ByteArrayClassLoader.ClassDefinitionAction{"" + ""outer="") + this) + "", name='"") + name) + '\'') + "", binaryRepresentation=<"") + binaryRepresentation.length)), AOD(from=((((((((((((((""ByteArrayClassLoader.ClassLoaderCreationAction{"" + ""parent="") + parent) + "", typeDefinitions="") + typeDefinitions) + "", protectionDomain="") + protectionDomain) + "", accessControlContext="") + accessControlContext) + "", persistenceHandler="") + persistenceHandler) + "", packageDefinitionStrategy="") + packageDefinitionStrategy) + "", childFirst="") + childFirst),to=(((((((((((((""ByteArrayClassLoader.ClassLoaderCreationAction{"" + ""parent="") + parent) + "", typeDefinitions="") + typeDefinitions) + "", protectionDomain="") + protectionDomain) + "", accessControlContext="") + accessControlContext) + "", persistenceHandler="") + persistenceHandler) + "", packageDefinitionStrategy="") + packageDefinitionStrategy) + "", childFirst="")), ArgNrC(from=super(parent, typeDefinitions, protectionDomain, accessControlContext, persistenceHandler, packageDefinitionStrategy),to=super(parent, typeDefinitions, protectionDomain, persistenceHandler, packageDefinitionStrategy)), AOD(from=((((((((((""ByteArrayClassLoader.ChildFirst{"" + ""typeDefinitions="") + typeDefinitions) + "", protectionDomain="") + protectionDomain) + "", accessControlContext="") + accessControlContext) + "", persistenceHandler="") + persistenceHandler) + "", packageDefinitionStrategy="") + packageDefinitionStrategy) + '}',to=((((((((((""ByteArrayClassLoader.ChildFirst{"" + ""typeDefinitions="") + typeDefinitions) + "", protectionDomain="") + protectionDomain) + "", accessControlContext="") + accessControlContext) + "", persistenceHandler="") + persistenceHandler) + "", packageDefinitionStrategy="") + packageDefinitionStrategy)), COI(from=(((childFirst == that.childFirst) && parent.equals(that.parent)) && typeDefinitions.equals(that.typeDefinitions)),to=(name.equals(that.name) && this.equals(that.getOuter())) && java.util.Arrays.equals(binaryRepresentation, that.binaryRepresentation)), VVR(from=((((((""ByteArrayClassLoader.ChildFirst{"" + ""typeDefinitions="") + typeDefinitions) + "", protectionDomain="") + protectionDomain) + "", accessControlContext="") + accessControlContext),to=((((((""ByteArrayClassLoader.ChildFirst{"" + ""typeDefinitions="") + typeDefinitions) + "", protectionDomain="") + protectionDomain) + "", persistenceHandler="") + persistenceHandler))]";[ArgumentTypeChange, ArgumentTypeChange, VarToVarReplacement, VarToVarReplacement, VarToVarReplacement, VarToVarReplacement, VarToVarReplacement, VarToVarReplacement, VarToVarReplacement, VarToVarReplacement, VarToVarReplacement, ConstantReplacement, VarToVarReplacement, VarToVarReplacement, VarToVarReplacement, ConstantReplacement, ConstantReplacement, ConstantReplacement, ConstantReplacement, VarToVarReplacement, ConstantReplacement, ConstantReplacement, ConstantReplacement, ConstantReplacement, NonVoidMethodDeletion, ArgumentNumberChange, StaticModifierDeletion, StatementDeletion, StatementDeletion, StatementDeletion, StatementDeletion, StatementDeletion, VarToVarReplacement, VarToVarReplacement, VarToVarReplacement, VarToVarReplacement, VarToVarReplacement, VarToVarReplacement, VarToVarReplacement, VarToVarReplacement, VarToVarReplacement, VarToVarReplacement, VarToVarReplacement, StatementDeletion, StatementDeletion, StatementDeletion, StatementDeletion, VarToVarReplacement, VarToVarReplacement, ArithmeticOperatorDeletion, ArgumentNumberChange, ArithmeticOperatorDeletion, ConditionalOperatorInsertion, VarToVarReplacement];[938-938, 940-940, 945-945, 947-947, 965-965, 963-963, 977-977, 964-964, 969-969, 969-969, 979-979, 996-996, 964-964, 967-967, 967-967, 730-730, 995-995, 992-992, 729-729, 991-991, 991-991, 728-728, 989-989, 990-990, 140-146, 174-174, 0-0, 946-946, 948-948, 949-949, 950-950, 951-951, 196-254, 198-256, 199-257, 216-274, 216-274, 216-274, 216-274, 216-274, 292-968, 292-968, 299-978, 980-980, 981-981, 982-982, 983-983, 307-990, 309-995, 989-996, 658-658, 725-731, 291-968, 728-784];[45-55, 45-60, 27-32, 37-52, 74-78, 25-29, 26-31, 17-21, 54-69, 78-98, 64-79, 21-35, 48-52, 24-29, 38-48, 21-50, 21-50, 21-41, 21-43, 44-58, 21-40, 21-45, 20-68, 21-29, 16-50, 17-36, 0-0, 13-51, 13-61, 13-57, 13-71, 13-41, 32-35, 38-41, 140-143, 32-35, 32-57, 32-45, 38-57, 64-95, 24-48, 24-66, 36-60, 13-67, 13-65, 13-72, 13-56, 32-56, 50-78, 20-48, 62-81, 20-78, 20-85, 47-68];[247-247, 247-247, 248-248, 249-249, 290-290, 288-288, 298-298, 289-289, 293-293, 293-293, 300-300, 309-309, 289-289, 291-291, 291-291, 786-786, 309-309, 308-308, 785-785, 308-308, 308-308, 784-784, 306-306, 307-307, 136-138, 161-166, 0-0, 247-250, 247-250, 247-250, 247-250, 247-250, 254-254, 256-256, 257-257, 274-274, 274-274, 274-274, 274-274, 274-274, 292-292, 292-292, 299-299, 297-302, 297-302, 297-302, 297-302, 306-307, 306-309, 306-310, 714-714, 781-787, 291-293, 781-786];[41-46, 54-59, 25-28, 41-60, 66-71, 25-30, 26-29, 17-22, 38-57, 60-84, 52-71, 80-88, 49-54, 20-23, 32-40, 21-45, 21-46, 41-44, 21-50, 34-37, 21-30, 21-43, 20-64, 21-28, 9-138, 23-27, 0-0, 9-19, 9-19, 9-19, 9-19, 9-19, 32-52, 38-68, 67-144, 20-121, 20-121, 20-121, 20-121, 76-102, 24-72, 24-72, 36-71, 9-20, 9-20, 9-20, 9-20, 20-56, 20-76, 20-88, 13-108, 13-24, 13-86, 20-68]
bugswarm-sandbox/bugs/raphw/byte-buddy/146257714/pre_bug/byte-buddy-dep/src/test/java/net/bytebuddy/agent/builder/AgentBuilderDefaultTest.java;bugswarm-sandbox/bugs/raphw/byte-buddy/146257714/bug/byte-buddy-dep/src/test/java/net/bytebuddy/agent/builder/AgentBuilderDefaultTest.java;net.bytebuddy.agent.builder$AgentBuilderDefaultTest;net.bytebuddy.agent.builder$AgentBuilderDefaultTest;321;[UpdateOperation, UpdateOperation, UpdateOperation, UpdateOperation, UpdateOperation, UpdateOperation, UpdateOperation, UpdateOperation, UpdateOperation, UpdateOperation, UpdateOperation, UpdateOperation, UpdateOperation, UpdateOperation, UpdateOperation, UpdateOperation, UpdateOperation, UpdateOperation, UpdateOperation, UpdateOperation, UpdateOperation, UpdateOperation, UpdateOperation, UpdateOperation, UpdateOperation, UpdateOperation, UpdateOperation, UpdateOperation, UpdateOperation, UpdateOperation, UpdateOperation, UpdateOperation, UpdateOperation, UpdateOperation, UpdateOperation, UpdateOperation, UpdateOperation, UpdateOperation, UpdateOperation, UpdateOperation, UpdateOperation, UpdateOperation, UpdateOperation, UpdateOperation, UpdateOperation, UpdateOperation, UpdateOperation, UpdateOperation, UpdateOperation, UpdateOperation, UpdateOperation, UpdateOperation, UpdateOperation, UpdateOperation, UpdateOperation, UpdateOperation, UpdateOperation, UpdateOperation, UpdateOperation, UpdateOperation, UpdateOperation, UpdateOperation, UpdateOperation, UpdateOperation, UpdateOperation, UpdateOperation, UpdateOperation, UpdateOperation, UpdateOperation, UpdateOperation, UpdateOperation, UpdateOperation, UpdateOperation, UpdateOperation, UpdateOperation, UpdateOperation, UpdateOperation, UpdateOperation, UpdateOperation, UpdateOperation, UpdateOperation, UpdateOperation, UpdateOperation, UpdateOperation, UpdateOperation, UpdateOperation, UpdateOperation, UpdateOperation, UpdateOperation, UpdateOperation, UpdateOperation, UpdateOperation, UpdateOperation, UpdateOperation, UpdateOperation, UpdateOperation, UpdateOperation, UpdateOperation, UpdateOperation, UpdateOperation, UpdateOperation, UpdateOperation, UpdateOperation, UpdateOperation, UpdateOperation, UpdateOperation, UpdateOperation, UpdateOperation, UpdateOperation, UpdateOperation, UpdateOperation, UpdateOperation, UpdateOperation, UpdateOperation, UpdateOperation, UpdateOperation, UpdateOperation, UpdateOperation, UpdateOperation, UpdateOperation, UpdateOperation, UpdateOperation, UpdateOperation, UpdateOperation, UpdateOperation, UpdateOperation, UpdateOperation, UpdateOperation, UpdateOperation, UpdateOperation, UpdateOperation, UpdateOperation, UpdateOperation, UpdateOperation, UpdateOperation, UpdateOperation, UpdateOperation, UpdateOperation, UpdateOperation, UpdateOperation, UpdateOperation, UpdateOperation, UpdateOperation, UpdateOperation, UpdateOperation, UpdateOperation, UpdateOperation, UpdateOperation, UpdateOperation, UpdateOperation, UpdateOperation, UpdateOperation, UpdateOperation, UpdateOperation, UpdateOperation, UpdateOperation, UpdateOperation, DeleteOperation, DeleteOperation, DeleteOperation, DeleteOperation, DeleteOperation, DeleteOperation, DeleteOperation, DeleteOperation, DeleteOperation, DeleteOperation, DeleteOperation, DeleteOperation, DeleteOperation, DeleteOperation, DeleteOperation, DeleteOperation, DeleteOperation, DeleteOperation, DeleteOperation, DeleteOperation, DeleteOperation, DeleteOperation, DeleteOperation, DeleteOperation, DeleteOperation, DeleteOperation, DeleteOperation, DeleteOperation, DeleteOperation, DeleteOperation, DeleteOperation, DeleteOperation, DeleteOperation, DeleteOperation, DeleteOperation, DeleteOperation, DeleteOperation, DeleteOperation, DeleteOperation, DeleteOperation, DeleteOperation, DeleteOperation, InsertOperation, InsertOperation, MoveOperation, MoveOperation, MoveOperation, MoveOperation, MoveOperation, MoveOperation, MoveOperation, MoveOperation, MoveOperation, MoveOperation, MoveOperation, MoveOperation, MoveOperation, MoveOperation, MoveOperation, MoveOperation, MoveOperation, MoveOperation, MoveOperation, MoveOperation, MoveOperation, MoveOperation, MoveOperation, MoveOperation, MoveOperation, MoveOperation, MoveOperation, MoveOperation, MoveOperation, MoveOperation, MoveOperation, MoveOperation, MoveOperation, MoveOperation, MoveOperation, MoveOperation, MoveOperation, MoveOperation, MoveOperation, MoveOperation, MoveOperation, MoveOperation, MoveOperation, MoveOperation, MoveOperation, MoveOperation, MoveOperation, MoveOperation, MoveOperation, MoveOperation, MoveOperation, MoveOperation, MoveOperation, MoveOperation, MoveOperation, MoveOperation, MoveOperation, MoveOperation, MoveOperation, MoveOperation, MoveOperation, MoveOperation, MoveOperation, MoveOperation, MoveOperation, MoveOperation, MoveOperation, MoveOperation, MoveOperation, MoveOperation, MoveOperation, MoveOperation, MoveOperation, MoveOperation, MoveOperation, MoveOperation, MoveOperation, MoveOperation, MoveOperation, MoveOperation, MoveOperation, MoveOperation, MoveOperation, MoveOperation, MoveOperation, MoveOperation, MoveOperation, MoveOperation, MoveOperation, MoveOperation, MoveOperation, MoveOperation, MoveOperation, MoveOperation, MoveOperation, MoveOperation, MoveOperation, MoveOperation, MoveOperation, MoveOperation, MoveOperation, MoveOperation, MoveOperation, MoveOperation, MoveOperation, MoveOperation, MoveOperation, MoveOperation, MoveOperation, MoveOperation, MoveOperation, MoveOperation, MoveOperation, MoveOperation, MoveOperation, MoveOperation, MoveOperation, MoveOperation, MoveOperation, MoveOperation];"[VVR(from=transformer,to=instrumentation), VVR(from=transformer,to=instrumentation), VVR(from=transformer,to=instrumentation), VVR(from=transformer,to=instrumentation), VVR(from=transformer,to=instrumentation), VVR(from=transformer,to=instrumentation), VVR(from=transformer,to=instrumentation), VVR(from=transformer,to=instrumentation), VVR(from=transformer,to=instrumentation), VVR(from=transformer,to=instrumentation), VVR(from=transformer,to=instrumentation), VVR(from=transformer,to=instrumentation), VVR(from=transformer,to=instrumentation), VVR(from=typeMatcher,to=transformer), VVR(from=typeMatcher,to=transformer), VVR(from=typeMatcher,to=transformer), VVR(from=typeMatcher,to=transformer), VVR(from=typeMatcher,to=transformer), VVR(from=typeMatcher,to=transformer), VVR(from=typeMatcher,to=transformer), VVR(from=typeMatcher,to=transformer), VVR(from=typeMatcher,to=transformer), VVR(from=typeMatcher,to=transformer), VVR(from=typeMatcher,to=transformer), VVR(from=accessControlContext,to=typeMatcher), VVR(from=typeMatcher,to=transformer), VVR(from=typeMatcher,to=transformer), VVR(from=typeMatcher,to=transformer), VVR(from=typeMatcher,to=transformer), VVR(from=typeMatcher,to=transformer), VVR(from=typeMatcher,to=transformer), VVR(from=typeMatcher,to=transformer), VVR(from=typeMatcher,to=transformer), VVR(from=typeMatcher,to=transformer), VVR(from=typeMatcher,to=transformer), VVR(from=typeMatcher,to=transformer), VVR(from=accessControlContext,to=typeMatcher), VVR(from=accessControlContext,to=typeMatcher), SD(deleted=accessControlContext = java.security.AccessController.getContext()), NVMD(deleted call to=installOn(java.lang.instrument.Instrumentation)), NVMD(deleted call to=installOn(java.lang.instrument.Instrumentation)), NVMD(deleted call to=installOn(java.lang.instrument.Instrumentation)), NVMD(deleted call to=installOn(java.lang.instrument.Instrumentation)), NVMD(deleted call to=installOn(java.lang.instrument.Instrumentation)), NVMD(deleted call to=installOn(java.lang.instrument.Instrumentation)), NVMD(deleted call to=installOn(java.lang.instrument.Instrumentation)), NVMD(deleted call to=installOn(java.lang.instrument.Instrumentation)), NVMD(deleted call to=installOn(java.lang.instrument.Instrumentation)), NVMD(deleted call to=installOn(java.lang.instrument.Instrumentation)), NVMD(deleted call to=installOn(java.lang.instrument.Instrumentation)), NVMD(deleted call to=installOn(java.lang.instrument.Instrumentation)), NVMD(deleted call to=installOn(java.lang.instrument.Instrumentation)), NVMD(deleted call to=installOn(java.lang.instrument.Instrumentation)), NVMD(deleted call to=installOn(java.lang.instrument.Instrumentation)), NVMD(deleted call to=installOn(java.lang.instrument.Instrumentation)), NVMD(deleted call to=installOn(java.lang.instrument.Instrumentation)), NVMD(deleted call to=installOn(java.lang.instrument.Instrumentation)), NVMD(deleted call to=installOn(java.lang.instrument.Instrumentation)), NVMD(deleted call to=installOn(java.lang.instrument.Instrumentation)), NVMD(deleted call to=installOn(java.lang.instrument.Instrumentation)), NVMD(deleted call to=installOn(java.lang.instrument.Instrumentation)), NVMD(deleted call to=installOn(java.lang.instrument.Instrumentation)), NVMD(deleted call to=installOn(java.lang.instrument.Instrumentation)), NVMD(deleted call to=installOn(java.lang.instrument.Instrumentation)), NVMD(deleted call to=installOn(java.lang.instrument.Instrumentation)), NVMD(deleted call to=installOn(java.lang.instrument.Instrumentation)), NVMD(deleted call to=installOn(java.lang.instrument.Instrumentation)), NVMD(deleted call to=installOn(java.lang.instrument.Instrumentation)), NVMD(deleted call to=installOn(java.lang.instrument.Instrumentation)), NVMD(deleted call to=installOn(java.lang.instrument.Instrumentation)), NVMD(deleted call to=installOn(java.lang.instrument.Instrumentation)), NVMD(deleted call to=installOn(java.lang.instrument.Instrumentation)), NVMD(deleted call to=installOn(java.lang.instrument.Instrumentation)), NVMD(deleted call to=installOn(java.lang.instrument.Instrumentation)), NVMD(deleted call to=installOn(java.lang.instrument.Instrumentation)), NVMD(deleted call to=installOn(java.lang.instrument.Instrumentation)), NVMD(deleted call to=installOn(java.lang.instrument.Instrumentation)), NVMD(deleted call to=installOn(java.lang.instrument.Instrumentation)), NVMD(deleted call to=installOn(java.lang.instrument.Instrumentation)), NVMD(deleted call to=installOn(java.lang.instrument.Instrumentation)), NVMD(deleted call to=installOn(java.lang.instrument.Instrumentation)), NVMD(deleted call to=installOn(java.lang.instrument.Instrumentation)), NVMD(deleted call to=installOn(java.lang.instrument.Instrumentation)), NVMD(deleted call to=installOn(java.lang.instrument.Instrumentation)), NVMD(deleted call to=installOn(java.lang.instrument.Instrumentation)), NVMD(deleted call to=installOn(java.lang.instrument.Instrumentation)), NVMD(deleted call to=installOn(java.lang.instrument.Instrumentation)), NVMD(deleted call to=installOn(java.lang.instrument.Instrumentation)), NVMD(deleted call to=installOn(java.lang.instrument.Instrumentation)), NVMD(deleted call to=installOn(java.lang.instrument.Instrumentation)), NVMD(deleted call to=installOn(java.lang.instrument.Instrumentation)), NVMD(deleted call to=installOn(java.lang.instrument.Instrumentation)), NVMD(deleted call to=installOn(java.lang.instrument.Instrumentation)), NVMD(deleted call to=installOn(java.lang.instrument.Instrumentation)), NVMD(deleted call to=installOn(java.lang.instrument.Instrumentation)), NVMD(deleted call to=installOn(java.lang.instrument.Instrumentation)), NVMD(deleted call to=installOn(java.lang.instrument.Instrumentation)), NVMD(deleted call to=installOn(java.lang.instrument.Instrumentation)), NVMD(deleted call to=installOn(java.lang.instrument.Instrumentation)), NVMD(deleted call to=installOn(java.lang.instrument.Instrumentation)), NVMD(deleted call to=installOn(java.lang.instrument.Instrumentation)), NVMD(deleted call to=installOn(java.lang.instrument.Instrumentation)), NVMD(deleted call to=installOn(java.lang.instrument.Instrumentation)), NVMD(deleted call to=installOn(java.lang.instrument.Instrumentation)), NVMD(deleted call to=installOn(java.lang.instrument.Instrumentation)), NVMD(deleted call to=installOn(java.lang.instrument.Instrumentation)), NVMD(deleted call to=installOn(java.lang.instrument.Instrumentation)), NVMD(deleted call to=installOn(java.lang.instrument.Instrumentation)), NVMD(deleted call to=installOn(java.lang.instrument.Instrumentation)), NVMD(deleted call to=installOn(java.lang.instrument.Instrumentation)), NVMD(deleted call to=installOn(java.lang.instrument.Instrumentation)), NVMD(deleted call to=installOn(java.lang.instrument.Instrumentation)), NVMD(deleted call to=installOn(java.lang.instrument.Instrumentation)), NVMD(deleted call to=installOn(java.lang.instrument.Instrumentation)), NVMD(deleted call to=installOn(java.lang.instrument.Instrumentation)), NVMD(deleted call to=installOn(java.lang.instrument.Instrumentation)), NVMD(deleted call to=installOn(java.lang.instrument.Instrumentation)), NVMD(deleted call to=installOn(java.lang.instrument.Instrumentation)), NVMD(deleted call to=installOn(java.lang.instrument.Instrumentation)), NVMD(deleted call to=installOn(java.lang.instrument.Instrumentation)), NVMD(deleted call to=installOn(java.lang.instrument.Instrumentation)), NVMD(deleted call to=installOn(java.lang.instrument.Instrumentation)), NVMD(deleted call to=installOn(java.lang.instrument.Instrumentation)), NVMD(deleted call to=installOn(java.lang.instrument.Instrumentation)), NVMD(deleted call to=installOn(java.lang.instrument.Instrumentation)), NVMD(deleted call to=installOn(java.lang.instrument.Instrumentation)), NVMD(deleted call to=installOn(java.lang.instrument.Instrumentation)), NVMD(deleted call to=installOn(java.lang.instrument.Instrumentation)), NVMD(deleted call to=installOn(java.lang.instrument.Instrumentation)), NVMD(deleted call to=installOn(java.lang.instrument.Instrumentation)), NVMD(deleted call to=installOn(java.lang.instrument.Instrumentation)), NVMD(deleted call to=installOn(java.lang.instrument.Instrumentation)), NVMD(deleted call to=installOn(java.lang.instrument.Instrumentation)), NVMD(deleted call to=installOn(java.lang.instrument.Instrumentation)), NVMD(deleted call to=installOn(java.lang.instrument.Instrumentation)), NVMD(deleted call to=installOn(java.lang.instrument.Instrumentation)), NVMD(deleted call to=installOn(java.lang.instrument.Instrumentation)), NVMD(deleted call to=installOn(java.lang.instrument.Instrumentation)), NVMD(deleted call to=installOn(java.lang.instrument.Instrumentation)), NVMD(deleted call to=installOn(java.lang.instrument.Instrumentation)), NVMD(deleted call to=installOn(java.lang.instrument.Instrumentation)), NVMD(deleted call to=installOn(java.lang.instrument.Instrumentation)), NVMD(deleted call to=installOn(java.lang.instrument.Instrumentation)), NVMD(deleted call to=installOn(java.lang.instrument.Instrumentation)), NVMD(deleted call to=installOn(java.lang.instrument.Instrumentation)), NVMD(deleted call to=installOn(java.lang.instrument.Instrumentation)), NVMD(deleted call to=installOn(java.lang.instrument.Instrumentation)), NVMD(deleted call to=installOn(java.lang.instrument.Instrumentation)), NVMD(deleted call to=installOn(java.lang.instrument.Instrumentation)), NVMD(deleted call to=installOn(java.lang.instrument.Instrumentation)), NVMD(deleted call to=installOn(java.lang.instrument.Instrumentation)), NVMD(deleted call to=installOn(java.lang.instrument.Instrumentation)), NVMD(deleted call to=installOn(java.lang.instrument.Instrumentation)), NVMD(deleted call to=installOn(java.lang.instrument.Instrumentation)), NVMD(deleted call to=installOn(java.lang.instrument.Instrumentation)), NVMD(deleted call to=installOn(java.lang.instrument.Instrumentation)), NVMD(deleted call to=installOn(java.lang.instrument.Instrumentation)), NVMD(deleted call to=installOn(java.lang.instrument.Instrumentation)), NVMD(deleted call to=installOn(java.lang.instrument.Instrumentation))]";[VarToVarReplacement, VarToVarReplacement, VarToVarReplacement, VarToVarReplacement, VarToVarReplacement, VarToVarReplacement, VarToVarReplacement, VarToVarReplacement, VarToVarReplacement, VarToVarReplacement, VarToVarReplacement, VarToVarReplacement, VarToVarReplacement, VarToVarReplacement, VarToVarReplacement, VarToVarReplacement, VarToVarReplacement, VarToVarReplacement, VarToVarReplacement, VarToVarReplacement, VarToVarReplacement, VarToVarReplacement, VarToVarReplacement, VarToVarReplacement, VarToVarReplacement, VarToVarReplacement, VarToVarReplacement, VarToVarReplacement, VarToVarReplacement, VarToVarReplacement, VarToVarReplacement, VarToVarReplacement, VarToVarReplacement, VarToVarReplacement, VarToVarReplacement, VarToVarReplacement, VarToVarReplacement, VarToVarReplacement, StatementDeletion, NonVoidMethodDeletion, NonVoidMethodDeletion, NonVoidMethodDeletion, NonVoidMethodDeletion, NonVoidMethodDeletion, NonVoidMethodDeletion, NonVoidMethodDeletion, NonVoidMethodDeletion, NonVoidMethodDeletion, NonVoidMethodDeletion, NonVoidMethodDeletion, NonVoidMethodDeletion, NonVoidMethodDeletion, NonVoidMethodDeletion, NonVoidMethodDeletion, NonVoidMethodDeletion, NonVoidMethodDeletion, NonVoidMethodDeletion, NonVoidMethodDeletion, NonVoidMethodDeletion, NonVoidMethodDeletion, NonVoidMethodDeletion, NonVoidMethodDeletion, NonVoidMethodDeletion, NonVoidMethodDeletion, NonVoidMethodDeletion, NonVoidMethodDeletion, NonVoidMethodDeletion, NonVoidMethodDeletion, NonVoidMethodDeletion, NonVoidMethodDeletion, NonVoidMethodDeletion, NonVoidMethodDeletion, NonVoidMethodDeletion, NonVoidMethodDeletion, NonVoidMethodDeletion, NonVoidMethodDeletion, NonVoidMethodDeletion, NonVoidMethodDeletion, NonVoidMethodDeletion, NonVoidMethodDeletion, NonVoidMethodDeletion, NonVoidMethodDeletion, NonVoidMethodDeletion, NonVoidMethodDeletion, NonVoidMethodDeletion, NonVoidMethodDeletion, NonVoidMethodDeletion, NonVoidMethodDeletion, NonVoidMethodDeletion, NonVoidMethodDeletion, NonVoidMethodDeletion, NonVoidMethodDeletion, NonVoidMethodDeletion, NonVoidMethodDeletion, NonVoidMethodDeletion, NonVoidMethodDeletion, NonVoidMethodDeletion, NonVoidMethodDeletion, NonVoidMethodDeletion, NonVoidMethodDeletion, NonVoidMethodDeletion, NonVoidMethodDeletion, NonVoidMethodDeletion, NonVoidMethodDeletion, NonVoidMethodDeletion, NonVoidMethodDeletion, NonVoidMethodDeletion, NonVoidMethodDeletion, NonVoidMethodDeletion, NonVoidMethodDeletion, NonVoidMethodDeletion, NonVoidMethodDeletion, NonVoidMethodDeletion, NonVoidMethodDeletion, NonVoidMethodDeletion, NonVoidMethodDeletion, NonVoidMethodDeletion, NonVoidMethodDeletion, NonVoidMethodDeletion, NonVoidMethodDeletion, NonVoidMethodDeletion, NonVoidMethodDeletion, NonVoidMethodDeletion, NonVoidMethodDeletion, NonVoidMethodDeletion, NonVoidMethodDeletion, NonVoidMethodDeletion, NonVoidMethodDeletion, NonVoidMethodDeletion, NonVoidMethodDeletion, NonVoidMethodDeletion, NonVoidMethodDeletion, NonVoidMethodDeletion, NonVoidMethodDeletion, NonVoidMethodDeletion, NonVoidMethodDeletion, NonVoidMethodDeletion, NonVoidMethodDeletion, NonVoidMethodDeletion, NonVoidMethodDeletion, NonVoidMethodDeletion, NonVoidMethodDeletion, NonVoidMethodDeletion, NonVoidMethodDeletion, NonVoidMethodDeletion, NonVoidMethodDeletion, NonVoidMethodDeletion, NonVoidMethodDeletion, NonVoidMethodDeletion, NonVoidMethodDeletion, NonVoidMethodDeletion, NonVoidMethodDeletion, NonVoidMethodDeletion, NonVoidMethodDeletion, NonVoidMethodDeletion, NonVoidMethodDeletion, NonVoidMethodDeletion, NonVoidMethodDeletion, NonVoidMethodDeletion];[149-149, 225-225, 328-328, 361-361, 431-431, 465-465, 502-502, 653-653, 692-692, 730-730, 766-766, 871-871, 955-955, 149-149, 189-189, 225-225, 260-260, 296-296, 328-328, 361-361, 396-396, 431-431, 465-465, 502-502, 531-531, 585-585, 618-618, 653-653, 692-692, 730-730, 766-766, 802-802, 837-837, 871-871, 955-955, 1021-1021, 327-327, 954-954, 131-131, 140-150, 140-150, 140-260, 140-1021, 180-190, 180-190, 216-226, 216-226, 251-261, 140-261, 251-261, 251-1021, 286-297, 286-297, 286-361, 286-396, 286-431, 286-1087, 319-329, 319-532, 319-329, 351-362, 286-362, 351-362, 351-396, 351-431, 351-1087, 386-397, 286-397, 351-397, 386-397, 386-431, 386-1087, 421-432, 286-432, 351-432, 386-432, 421-432, 421-1087, 455-466, 455-466, 455-502, 492-503, 455-503, 492-503, 542-553, 542-553, 542-585, 542-618, 542-802, 542-837, 542-1060, 575-586, 542-586, 575-586, 575-618, 575-802, 575-837, 575-1060, 608-619, 542-619, 575-619, 608-619, 608-802, 608-837, 608-1060, 643-654, 643-654, 682-693, 682-693, 720-731, 720-731, 756-767, 756-767, 792-803, 542-803, 575-803, 608-803, 792-803, 792-837, 792-1060, 827-838, 542-838, 575-838, 608-838, 792-838, 827-838, 827-1060, 861-872, 861-872, 861-907, 897-908, 861-908, 897-908, 947-956, 1012-1022, 140-1022, 251-1022, 1012-1022, 1050-1061, 542-1061, 575-1061, 608-1061, 792-1061, 827-1061, 1050-1061, 1077-1088, 286-1088, 351-1088, 386-1088, 421-1088, 1077-1088, 1105-1116, 542-1116, 575-1116, 608-1116, 792-1116, 827-1116, 1050-1116, 1158-1169];[46-56, 57-67, 46-56, 46-56, 46-56, 46-56, 46-56, 46-56, 46-56, 46-56, 46-56, 46-56, 46-56, 23-33, 50-60, 34-44, 23-33, 23-33, 23-33, 23-33, 23-33, 23-33, 23-33, 23-33, 23-42, 23-33, 23-33, 23-33, 23-33, 23-33, 23-33, 23-33, 23-33, 23-33, 23-33, 23-33, 23-42, 23-42, 9-61, 43-53, 43-57, 43-57, 43-57, 43-53, 43-84, 43-53, 43-68, 43-53, 43-57, 43-57, 43-57, 43-53, 43-57, 43-57, 43-57, 43-57, 43-57, 43-53, 9-57, 43-57, 43-53, 43-57, 43-57, 43-57, 43-57, 43-57, 43-53, 43-57, 43-57, 43-57, 43-57, 43-57, 43-53, 43-57, 43-57, 43-57, 43-57, 43-57, 43-53, 43-57, 43-57, 43-53, 43-57, 43-57, 43-53, 43-57, 43-57, 43-57, 43-57, 43-57, 43-57, 43-53, 43-57, 43-57, 43-57, 43-57, 43-57, 43-57, 43-53, 43-57, 43-57, 43-57, 43-57, 43-57, 43-57, 43-53, 43-57, 43-53, 43-57, 43-53, 43-57, 43-53, 43-57, 43-53, 43-57, 43-57, 43-57, 43-57, 43-57, 43-57, 43-53, 43-57, 43-57, 43-57, 43-57, 43-57, 43-57, 43-53, 43-57, 43-57, 43-53, 43-57, 43-57, 43-53, 43-53, 43-57, 43-57, 43-57, 43-53, 43-57, 43-57, 43-57, 43-57, 43-57, 43-57, 43-53, 43-57, 43-57, 43-57, 43-57, 43-57, 43-53, 43-57, 43-57, 43-57, 43-57, 43-57, 43-57, 43-53];[145-145, 219-219, 319-319, 351-351, 419-419, 452-452, 488-488, 634-634, 672-672, 709-709, 744-744, 846-846, 953-953, 144-144, 183-183, 218-218, 252-252, 287-287, 318-318, 350-350, 384-384, 418-418, 451-451, 487-487, 516-516, 567-567, 599-599, 633-633, 671-671, 708-708, 743-743, 778-778, 812-812, 845-845, 952-952, 990-990, 318-318, 952-952, 105-128, 136-145, 136-145, 136-253, 136-991, 175-184, 175-184, 210-219, 210-219, 244-253, 136-253, 244-253, 244-991, 278-288, 278-288, 278-351, 278-385, 278-419, 278-1055, 310-319, 310-517, 310-319, 341-351, 278-351, 341-351, 341-385, 341-419, 341-1055, 375-385, 278-385, 341-385, 375-385, 375-419, 375-1055, 409-419, 278-419, 341-419, 375-419, 409-419, 409-1055, 442-452, 442-452, 442-488, 478-488, 442-488, 478-488, 526-536, 526-536, 526-568, 526-600, 526-779, 526-813, 526-1029, 558-568, 526-568, 558-568, 558-600, 558-779, 558-813, 558-1029, 590-600, 526-600, 558-600, 590-600, 590-779, 590-813, 590-1029, 624-634, 624-634, 662-672, 662-672, 699-709, 699-709, 734-744, 734-744, 769-779, 526-779, 558-779, 590-779, 769-779, 769-813, 769-1029, 803-813, 526-813, 558-813, 590-813, 769-813, 803-813, 803-1029, 836-846, 836-846, 836-881, 871-881, 836-881, 871-881, 945-953, 982-991, 136-991, 244-991, 982-991, 1019-1029, 526-1029, 558-1029, 590-1029, 769-1029, 803-1029, 1019-1029, 1045-1055, 278-1055, 341-1055, 375-1055, 409-1055, 1045-1055, 1072-1082, 526-1082, 558-1082, 590-1082, 769-1082, 803-1082, 1019-1082, 1123-1133];[28-42, 28-42, 28-42, 28-42, 28-42, 28-42, 28-42, 28-42, 28-42, 28-42, 28-42, 28-42, 28-42, 46-56, 73-83, 57-67, 46-56, 46-56, 46-56, 46-56, 46-56, 46-56, 46-56, 46-56, 23-33, 46-56, 46-56, 46-56, 46-56, 46-56, 46-56, 46-56, 46-56, 46-56, 46-56, 46-56, 23-33, 23-33, 5-17, 30-44, 30-53, 30-53, 30-53, 30-44, 30-53, 30-44, 30-53, 30-44, 30-53, 30-53, 30-53, 30-44, 30-53, 30-53, 30-53, 30-53, 30-53, 30-44, 9-44, 30-53, 30-44, 30-53, 30-53, 30-53, 30-53, 30-53, 30-44, 30-53, 30-53, 30-53, 30-53, 30-53, 30-44, 30-53, 30-53, 30-53, 30-53, 30-53, 30-44, 30-53, 30-53, 30-44, 30-53, 30-53, 30-44, 30-53, 30-53, 30-53, 30-53, 30-53, 30-53, 30-44, 30-53, 30-53, 30-53, 30-53, 30-53, 30-53, 30-44, 30-53, 30-53, 30-53, 30-53, 30-53, 30-53, 30-44, 30-53, 30-44, 30-53, 30-44, 30-53, 30-44, 30-53, 30-44, 30-53, 30-53, 30-53, 30-53, 30-53, 30-53, 30-44, 30-53, 30-53, 30-53, 30-53, 30-53, 30-53, 30-44, 30-53, 30-53, 30-44, 30-53, 30-53, 30-44, 30-44, 30-53, 30-53, 30-53, 30-44, 30-53, 30-53, 30-53, 30-53, 30-53, 30-53, 30-44, 30-53, 30-53, 30-53, 30-53, 30-53, 30-44, 30-53, 30-53, 30-53, 30-53, 30-53, 30-53, 30-44]
bugswarm-sandbox/bugs/raphw/byte-buddy/146257714/pre_bug/byte-buddy-dep/src/test/java/net/bytebuddy/agent/builder/AgentBuilderDefaultApplicationTest.java;bugswarm-sandbox/bugs/raphw/byte-buddy/146257714/bug/byte-buddy-dep/src/test/java/net/bytebuddy/agent/builder/AgentBuilderDefaultApplicationTest.java;net.bytebuddy.agent.builder$AgentBuilderDefaultApplicationTest;net.bytebuddy.agent.builder$AgentBuilderDefaultApplicationTest;6;[DeleteOperation, DeleteOperation, DeleteOperation, DeleteOperation, DeleteOperation, DeleteOperation];"[NVMD(deleted call to=getContext()), NVMD(deleted call to=getContext()), NVMD(deleted call to=getContext()), NVMD(deleted call to=getContext()), NVMD(deleted call to=getContext()), NVMD(deleted call to=getContext())]";[NonVoidMethodDeletion, NonVoidMethodDeletion, NonVoidMethodDeletion, NonVoidMethodDeletion, NonVoidMethodDeletion, NonVoidMethodDeletion];[108-108, 117-117, 376-376, 411-411, 595-595, 630-630];[17-45, 17-45, 17-45, 17-45, 17-45, 17-45];[99-108, 112-116, 370-374, 404-408, 587-591, 621-625];[23-56, 16-56, 23-56, 23-56, 23-56, 23-56]
bugswarm-sandbox/bugs/raphw/byte-buddy/146257714/pre_bug/byte-buddy-dep/src/test/java/net/bytebuddy/description/type/TypeDescriptionForLoadedTypeWithEagerPropertiesTest.java;bugswarm-sandbox/bugs/raphw/byte-buddy/146257714/bug/byte-buddy-dep/src/test/java/net/bytebuddy/description/type/TypeDescriptionForLoadedTypeWithEagerPropertiesTest.java;net.bytebuddy.description.type$TypeDescriptionForLoadedTypeWithEagerPropertiesTest;net.bytebuddy.description.type$TypeDescriptionForLoadedTypeWithEagerPropertiesTest;1;[DeleteOperation];"[NVMD(deleted call to=getContext())]";[NonVoidMethodDeletion];[134-134];[17-45];[130-134];[35-56]
bugswarm-sandbox/bugs/raphw/byte-buddy/146257714/pre_bug/byte-buddy-dep/src/test/java/net/bytebuddy/description/type/TypeDescriptionForLoadedTypeTest.java;bugswarm-sandbox/bugs/raphw/byte-buddy/146257714/bug/byte-buddy-dep/src/test/java/net/bytebuddy/description/type/TypeDescriptionForLoadedTypeTest.java;net.bytebuddy.description.type$TypeDescriptionForLoadedTypeTest;net.bytebuddy.description.type$TypeDescriptionForLoadedTypeTest;1;[DeleteOperation];"[NVMD(deleted call to=getContext())]";[NonVoidMethodDeletion];[141-141];[17-45];[138-142];[35-56]
bugswarm-sandbox/bugs/raphw/byte-buddy/146257714/pre_bug/byte-buddy-dep/src/test/java/net/bytebuddy/description/type/AbstractTypeDescriptionGenericTest.java;bugswarm-sandbox/bugs/raphw/byte-buddy/146257714/bug/byte-buddy-dep/src/test/java/net/bytebuddy/description/type/AbstractTypeDescriptionGenericTest.java;net.bytebuddy.description.type$AbstractTypeDescriptionGenericTest;net.bytebuddy.description.type$AbstractTypeDescriptionGenericTest;1;[DeleteOperation];"[NVMD(deleted call to=getContext())]";[NonVoidMethodDeletion];[1885-1885];[21-49];[1881-1885];[20-60]
bugswarm-sandbox/bugs/raphw/byte-buddy/146257714/pre_bug/byte-buddy-dep/src/test/java/net/bytebuddy/description/type/AbstractTypeDescriptionTest.java;bugswarm-sandbox/bugs/raphw/byte-buddy/146257714/bug/byte-buddy-dep/src/test/java/net/bytebuddy/description/type/AbstractTypeDescriptionTest.java;net.bytebuddy.description.type$AbstractTypeDescriptionTest;net.bytebuddy.description.type$AbstractTypeDescriptionTest;3;[DeleteOperation, DeleteOperation, DeleteOperation];"[NVMD(deleted call to=getContext()), NVMD(deleted call to=getContext()), NVMD(deleted call to=getContext())]";[NonVoidMethodDeletion, NonVoidMethodDeletion, NonVoidMethodDeletion];[425-425, 564-564, 663-663];[17-45, 17-45, 21-49];[421-425, 559-563, 657-661];[35-56, 52-56, 39-60]
bugswarm-sandbox/bugs/raphw/byte-buddy/146257714/pre_bug/byte-buddy-dep/src/test/java/net/bytebuddy/implementation/MethodDelegationSuperTest.java;bugswarm-sandbox/bugs/raphw/byte-buddy/146257714/bug/byte-buddy-dep/src/test/java/net/bytebuddy/implementation/MethodDelegationSuperTest.java;net.bytebuddy.implementation$MethodDelegationSuperTest;net.bytebuddy.implementation$MethodDelegationSuperTest;1;[DeleteOperation];"[NVMD(deleted call to=getContext())]";[NonVoidMethodDeletion];[86-86];[17-45];[82-86];[35-56]
bugswarm-sandbox/bugs/raphw/byte-buddy/146257714/pre_bug/byte-buddy-dep/src/test/java/net/bytebuddy/implementation/attribute/AnnotationAppenderDefaultTest.java;bugswarm-sandbox/bugs/raphw/byte-buddy/146257714/bug/byte-buddy-dep/src/test/java/net/bytebuddy/implementation/attribute/AnnotationAppenderDefaultTest.java;net.bytebuddy.implementation.attribute$AnnotationAppenderDefaultTest;net.bytebuddy.implementation.attribute$AnnotationAppenderDefaultTest;2;[DeleteOperation, DeleteOperation];"[NVMD(deleted call to=getContext()), NVMD(deleted call to=getContext())]";[NonVoidMethodDeletion, NonVoidMethodDeletion];[184-184, 212-212];[17-45, 17-45];[180-184, 207-211];[24-56, 24-56]
bugswarm-sandbox/bugs/raphw/byte-buddy/146257714/pre_bug/byte-buddy-dep/src/test/java/net/bytebuddy/dynamic/NexusTest.java;bugswarm-sandbox/bugs/raphw/byte-buddy/146257714/bug/byte-buddy-dep/src/test/java/net/bytebuddy/dynamic/NexusTest.java;net.bytebuddy.dynamic$NexusTest;net.bytebuddy.dynamic$NexusTest;3;[DeleteOperation, DeleteOperation, DeleteOperation];"[NVMD(deleted call to=getContext()), NVMD(deleted call to=getContext()), NVMD(deleted call to=getContext())]";[NonVoidMethodDeletion, NonVoidMethodDeletion, NonVoidMethodDeletion];[74-74, 109-109, 144-144];[17-45, 17-45, 17-45];[66-74, 100-108, 134-142];[35-56, 35-56, 35-56]
bugswarm-sandbox/bugs/raphw/byte-buddy/146257714/pre_bug/byte-buddy-dep/src/test/java/net/bytebuddy/dynamic/loading/ClassReloadingStrategyTest.java;bugswarm-sandbox/bugs/raphw/byte-buddy/146257714/bug/byte-buddy-dep/src/test/java/net/bytebuddy/dynamic/loading/ClassReloadingStrategyTest.java;net.bytebuddy.dynamic.loading$ClassReloadingStrategyTest;net.bytebuddy.dynamic.loading$ClassReloadingStrategyTest;1;[DeleteOperation];"[NVMD(deleted call to=getContext())]";[NonVoidMethodDeletion];[212-212];[17-45];[207-211];[35-56]
bugswarm-sandbox/bugs/raphw/byte-buddy/146257714/pre_bug/byte-buddy-dep/src/test/java/net/bytebuddy/dynamic/loading/ByteArrayClassLoaderObjectPropertiesTest.java;bugswarm-sandbox/bugs/raphw/byte-buddy/146257714/bug/byte-buddy-dep/src/test/java/net/bytebuddy/dynamic/loading/ByteArrayClassLoaderObjectPropertiesTest.java;net.bytebuddy.dynamic.loading$ByteArrayClassLoaderObjectPropertiesTest;net.bytebuddy.dynamic.loading$ByteArrayClassLoaderObjectPropertiesTest;3;[UpdateOperation, DeleteOperation, MoveOperation];"[]";[];[];[];[];[]
bugswarm-sandbox/bugs/raphw/byte-buddy/146257714/pre_bug/byte-buddy-dep/src/test/java/net/bytebuddy/dynamic/loading/ByteArrayClassLoaderChildFirstTest.java;bugswarm-sandbox/bugs/raphw/byte-buddy/146257714/bug/byte-buddy-dep/src/test/java/net/bytebuddy/dynamic/loading/ByteArrayClassLoaderChildFirstTest.java;net.bytebuddy.dynamic.loading$ByteArrayClassLoaderChildFirstTest;net.bytebuddy.dynamic.loading$ByteArrayClassLoaderChildFirstTest;1;[DeleteOperation];"[NVMD(deleted call to=getContext())]";[NonVoidMethodDeletion];[70-70];[17-45];[66-70];[23-56]
bugswarm-sandbox/bugs/raphw/byte-buddy/146257714/pre_bug/byte-buddy-dep/src/test/java/net/bytebuddy/dynamic/loading/ByteArrayClassLoaderPackageLookupStrategy.java;bugswarm-sandbox/bugs/raphw/byte-buddy/146257714/bug/byte-buddy-dep/src/test/java/net/bytebuddy/dynamic/loading/ByteArrayClassLoaderPackageLookupStrategy.java;net.bytebuddy.dynamic.loading$ByteArrayClassLoaderPackageLookupStrategy;net.bytebuddy.dynamic.loading$ByteArrayClassLoaderPackageLookupStrategy;1;[DeleteOperation];"[NVMD(deleted call to=getContext())]";[NonVoidMethodDeletion];[22-22];[17-45];[18-22];[53-59]
bugswarm-sandbox/bugs/raphw/byte-buddy/146257714/pre_bug/byte-buddy-dep/src/test/java/net/bytebuddy/dynamic/loading/ClassInjectorUsingReflectionTest.java;bugswarm-sandbox/bugs/raphw/byte-buddy/146257714/bug/byte-buddy-dep/src/test/java/net/bytebuddy/dynamic/loading/ClassInjectorUsingReflectionTest.java;net.bytebuddy.dynamic.loading$ClassInjectorUsingReflectionTest;net.bytebuddy.dynamic.loading$ClassInjectorUsingReflectionTest;1;[DeleteOperation];"[NVMD(deleted call to=getContext())]";[NonVoidMethodDeletion];[79-79];[17-45];[72-76];[35-56]
bugswarm-sandbox/bugs/raphw/byte-buddy/146257714/pre_bug/byte-buddy-dep/src/test/java/net/bytebuddy/dynamic/loading/ByteArrayClassLoaderTest.java;bugswarm-sandbox/bugs/raphw/byte-buddy/146257714/bug/byte-buddy-dep/src/test/java/net/bytebuddy/dynamic/loading/ByteArrayClassLoaderTest.java;net.bytebuddy.dynamic.loading$ByteArrayClassLoaderTest;net.bytebuddy.dynamic.loading$ByteArrayClassLoaderTest;1;[DeleteOperation];"[NVMD(deleted call to=getContext())]";[NonVoidMethodDeletion];[73-73];[17-45];[70-74];[23-42]
bugswarm-sandbox/bugs/raphw/byte-buddy/146257714/pre_bug/byte-buddy-dep/src/test/java/net/bytebuddy/dynamic/loading/ClassLoadingStrategyForBootstrapInjectionTest.java;bugswarm-sandbox/bugs/raphw/byte-buddy/146257714/bug/byte-buddy-dep/src/test/java/net/bytebuddy/dynamic/loading/ClassLoadingStrategyForBootstrapInjectionTest.java;net.bytebuddy.dynamic.loading$ClassLoadingStrategyForBootstrapInjectionTest;net.bytebuddy.dynamic.loading$ClassLoadingStrategyForBootstrapInjectionTest;4;[DeleteOperation, DeleteOperation, DeleteOperation, MoveOperation];"[NVMD(deleted call to=getContext()), NVMD(deleted call to=getContext())]";[NonVoidMethodDeletion, NonVoidMethodDeletion];[49-49, 61-61];[129-157, 129-157];[45-45, 57-57];[50-127, 50-127]
bugswarm-sandbox/bugs/raphw/byte-buddy/146257714/pre_bug/byte-buddy-dep/src/test/java/net/bytebuddy/dynamic/AbstractDynamicTypeBuilderTest.java;bugswarm-sandbox/bugs/raphw/byte-buddy/146257714/bug/byte-buddy-dep/src/test/java/net/bytebuddy/dynamic/AbstractDynamicTypeBuilderTest.java;net.bytebuddy.dynamic$AbstractDynamicTypeBuilderTest;net.bytebuddy.dynamic$AbstractDynamicTypeBuilderTest;3;[DeleteOperation, DeleteOperation, DeleteOperation];"[NVMD(deleted call to=getContext()), NVMD(deleted call to=getContext()), NVMD(deleted call to=getContext())]";[NonVoidMethodDeletion, NonVoidMethodDeletion, NonVoidMethodDeletion];[220-220, 299-299, 324-324];[17-45, 17-45, 17-45];[216-220, 294-298, 318-322];[35-56, 35-56, 35-56]
bugswarm-sandbox/bugs/raphw/byte-buddy/146257714/pre_bug/byte-buddy-dep/src/test/java/net/bytebuddy/dynamic/scaffold/inline/AbstractDynamicTypeBuilderForInliningTest.java;bugswarm-sandbox/bugs/raphw/byte-buddy/146257714/bug/byte-buddy-dep/src/test/java/net/bytebuddy/dynamic/scaffold/inline/AbstractDynamicTypeBuilderForInliningTest.java;net.bytebuddy.dynamic.scaffold.inline$AbstractDynamicTypeBuilderForInliningTest;net.bytebuddy.dynamic.scaffold.inline$AbstractDynamicTypeBuilderForInliningTest;7;[DeleteOperation, DeleteOperation, DeleteOperation, DeleteOperation, DeleteOperation, DeleteOperation, DeleteOperation];"[NVMD(deleted call to=getContext()), NVMD(deleted call to=getContext()), NVMD(deleted call to=getContext()), NVMD(deleted call to=getContext()), NVMD(deleted call to=getContext()), NVMD(deleted call to=getContext()), NVMD(deleted call to=getContext())]";[NonVoidMethodDeletion, NonVoidMethodDeletion, NonVoidMethodDeletion, NonVoidMethodDeletion, NonVoidMethodDeletion, NonVoidMethodDeletion, NonVoidMethodDeletion];[148-148, 276-276, 313-313, 330-330, 347-347, 428-428, 449-449];[17-45, 17-45, 17-45, 17-45, 17-45, 25-53, 25-53];[145-148, 271-275, 307-311, 323-327, 339-343, 419-423, 439-443];[35-56, 35-56, 35-56, 35-56, 35-56, 23-64, 23-64]
bugswarm-sandbox/bugs/raphw/byte-buddy/146257714/pre_bug/byte-buddy-dep/src/test/java/net/bytebuddy/dynamic/scaffold/subclass/SubclassDynamicTypeBuilderTest.java;bugswarm-sandbox/bugs/raphw/byte-buddy/146257714/bug/byte-buddy-dep/src/test/java/net/bytebuddy/dynamic/scaffold/subclass/SubclassDynamicTypeBuilderTest.java;net.bytebuddy.dynamic.scaffold.subclass$SubclassDynamicTypeBuilderTest;net.bytebuddy.dynamic.scaffold.subclass$SubclassDynamicTypeBuilderTest;3;[DeleteOperation, DeleteOperation, DeleteOperation];"[NVMD(deleted call to=getContext()), NVMD(deleted call to=getContext()), NVMD(deleted call to=getContext())]";[NonVoidMethodDeletion, NonVoidMethodDeletion, NonVoidMethodDeletion];[305-305, 323-323, 340-340];[25-53, 25-53, 25-53];[301-305, 318-322, 334-338];[23-64, 23-64, 23-64]
